Product Category,Avg_income,Avg_Purchases,Total_Discounts ,,Loyalty Program ,Num_customers,Avg_TimeonWebsite,Avg_Purchases
2,86512.50366,11,653,,0,1010,30.39850019,10
0,84016.64955,10,732,,1,490,30.61443899,10
3,83679.00505,10,789,,,,,
1,80830.62969,10,823,,,,,
4,86566.62778,10,836,,,,,
